-- MySQL dump 10.13  Distrib 8.0.22, for Win64 (x86_64)
--
-- Host: localhost    Database: fikatime
-- ------------------------------------------------------
-- Server version	8.0.22

/*!40101 SET @OLD_CHARACTER_SET_CLIENT=@@CHARACTER_SET_CLIENT */;
/*!40101 SET @OLD_CHARACTER_SET_RESULTS=@@CHARACTER_SET_RESULTS */;
/*!40101 SET @OLD_COLLATION_CONNECTION=@@COLLATION_CONNECTION */;
/*!50503 SET NAMES utf8mb4 */;
/*!40103 SET @OLD_TIME_ZONE=@@TIME_ZONE */;
/*!40103 SET TIME_ZONE='+00:00' */;
/*!40014 SET @OLD_UNIQUE_CHECKS=@@UNIQUE_CHECKS, UNIQUE_CHECKS=0 */;
/*!40014 SET @OLD_FOREIGN_KEY_CHECKS=@@FOREIGN_KEY_CHECKS, FOREIGN_KEY_CHECKS=0 */;
/*!40101 SET @OLD_SQL_MODE=@@SQL_MODE, SQL_MODE='NO_AUTO_VALUE_ON_ZERO' */;
/*!40111 SET @OLD_SQL_NOTES=@@SQL_NOTES, SQL_NOTES=0 */;

--
-- Table structure for table `events`
--

DROP TABLE IF EXISTS `events`;
/*!40101 SET @saved_cs_client     = @@character_set_client */;
/*!50503 SET character_set_client = utf8mb4 */;
CREATE TABLE `events` (
  `id` int NOT NULL AUTO_INCREMENT,
  `event_name` varchar(45) DEFAULT NULL,
  `event_date` date DEFAULT NULL,
  `event_location` varchar(45) DEFAULT NULL,
  `audience` varchar(10) DEFAULT NULL,
  PRIMARY KEY (`id`)
) ENGINE=InnoDB AUTO_INCREMENT=9 DEFAULT CHARSET=utf8mb4 COLLATE=utf8mb4_0900_ai_ci;
/*!40101 SET character_set_client = @saved_cs_client */;

--
-- Dumping data for table `events`
--

LOCK TABLES `events` WRITE;
/*!40000 ALTER TABLE `events` DISABLE KEYS */;
INSERT INTO `events` VALUES (1,'Graduation Party','2021-01-23','goteburg','students'),(2,'Hackathon','2021-01-08','stockholm','students'),(6,'Joe Wedding','2021-01-15','goteburg','formal'),(7,'Badminton Game','2021-01-28','goteburg','students'),(8,'Nitins Wedding','2021-01-14','goteburg','family');
/*!40000 ALTER TABLE `events` ENABLE KEYS */;
UNLOCK TABLES;

--
-- Temporary view structure for view `home`
--

DROP TABLE IF EXISTS `home`;
/*!50001 DROP VIEW IF EXISTS `home`*/;
SET @saved_cs_client     = @@character_set_client;
/*!50503 SET character_set_client = utf8mb4 */;
/*!50001 CREATE VIEW `home` AS SELECT 
 1 AS `id`,
 1 AS `event_name`,
 1 AS `event_date`,
 1 AS `event_location`,
 1 AS `audience`,
 1 AS `eid`,
 1 AS `attendees`*/;
SET character_set_client = @saved_cs_client;

--
-- Table structure for table `user_event`
--

DROP TABLE IF EXISTS `user_event`;
/*!40101 SET @saved_cs_client     = @@character_set_client */;
/*!50503 SET character_set_client = utf8mb4 */;
CREATE TABLE `user_event` (
  `user_id` int NOT NULL,
  `event_id` int NOT NULL,
  PRIMARY KEY (`user_id`,`event_id`)
) ENGINE=InnoDB DEFAULT CHARSET=utf8mb4 COLLATE=utf8mb4_0900_ai_ci;
/*!40101 SET character_set_client = @saved_cs_client */;

--
-- Dumping data for table `user_event`
--

LOCK TABLES `user_event` WRITE;
/*!40000 ALTER TABLE `user_event` DISABLE KEYS */;
INSERT INTO `user_event` VALUES (4,2),(4,6),(4,7),(5,1),(5,2),(5,7),(6,1),(6,6),(6,7),(6,8);
/*!40000 ALTER TABLE `user_event` ENABLE KEYS */;
UNLOCK TABLES;

--
-- Table structure for table `users`
--

DROP TABLE IF EXISTS `users`;
/*!40101 SET @saved_cs_client     = @@character_set_client */;
/*!50503 SET character_set_client = utf8mb4 */;
CREATE TABLE `users` (
  `id` int NOT NULL AUTO_INCREMENT,
  `username` varchar(45) DEFAULT NULL,
  `password` varchar(45) DEFAULT NULL,
  PRIMARY KEY (`id`)
) ENGINE=InnoDB AUTO_INCREMENT=7 DEFAULT CHARSET=utf8mb4 COLLATE=utf8mb4_0900_ai_ci;
/*!40101 SET character_set_client = @saved_cs_client */;

--
-- Dumping data for table `users`
--

LOCK TABLES `users` WRITE;
/*!40000 ALTER TABLE `users` DISABLE KEYS */;
INSERT INTO `users` VALUES (1,'TOny stark','hello'),(2,'Peter Parker','tony'),(4,'sg222wn','3112'),(5,'noobmaster69','test'),(6,'Nitin','test');
/*!40000 ALTER TABLE `users` ENABLE KEYS */;
UNLOCK TABLES;

--
-- Temporary view structure for view `v1`
--

DROP TABLE IF EXISTS `v1`;
/*!50001 DROP VIEW IF EXISTS `v1`*/;
SET @saved_cs_client     = @@character_set_client;
/*!50503 SET character_set_client = utf8mb4 */;
/*!50001 CREATE VIEW `v1` AS SELECT 
 1 AS `id`,
 1 AS `event_name`,
 1 AS `event_date`,
 1 AS `event_location`,
 1 AS `audience`,
 1 AS `user_id`,
 1 AS `event_id`*/;
SET character_set_client = @saved_cs_client;

--
-- Temporary view structure for view `v2`
--

DROP TABLE IF EXISTS `v2`;
/*!50001 DROP VIEW IF EXISTS `v2`*/;
SET @saved_cs_client     = @@character_set_client;
/*!50503 SET character_set_client = utf8mb4 */;
/*!50001 CREATE VIEW `v2` AS SELECT 
 1 AS `eid`,
 1 AS `attendees`*/;
SET character_set_client = @saved_cs_client;

--
-- Final view structure for view `home`
--

/*!50001 DROP VIEW IF EXISTS `home`*/;
/*!50001 SET @saved_cs_client          = @@character_set_client */;
/*!50001 SET @saved_cs_results         = @@character_set_results */;
/*!50001 SET @saved_col_connection     = @@collation_connection */;
/*!50001 SET character_set_client      = utf8mb4 */;
/*!50001 SET character_set_results     = utf8mb4 */;
/*!50001 SET collation_connection      = utf8mb4_0900_ai_ci */;
/*!50001 CREATE ALGORITHM=UNDEFINED */
/*!50013 DEFINER=`root`@`localhost` SQL SECURITY DEFINER */
/*!50001 VIEW `home` AS select `events`.`id` AS `id`,`events`.`event_name` AS `event_name`,`events`.`event_date` AS `event_date`,`events`.`event_location` AS `event_location`,`events`.`audience` AS `audience`,`v2`.`eid` AS `eid`,`v2`.`attendees` AS `attendees` from (`events` left join `v2` on((`events`.`id` = `v2`.`eid`))) */;
/*!50001 SET character_set_client      = @saved_cs_client */;
/*!50001 SET character_set_results     = @saved_cs_results */;
/*!50001 SET collation_connection      = @saved_col_connection */;

--
-- Final view structure for view `v1`
--

/*!50001 DROP VIEW IF EXISTS `v1`*/;
/*!50001 SET @saved_cs_client          = @@character_set_client */;
/*!50001 SET @saved_cs_results         = @@character_set_results */;
/*!50001 SET @saved_col_connection     = @@collation_connection */;
/*!50001 SET character_set_client      = utf8mb4 */;
/*!50001 SET character_set_results     = utf8mb4 */;
/*!50001 SET collation_connection      = utf8mb4_0900_ai_ci */;
/*!50001 CREATE ALGORITHM=UNDEFINED */
/*!50013 DEFINER=`root`@`localhost` SQL SECURITY DEFINER */
/*!50001 VIEW `v1` AS select `e`.`id` AS `id`,`e`.`event_name` AS `event_name`,`e`.`event_date` AS `event_date`,`e`.`event_location` AS `event_location`,`e`.`audience` AS `audience`,`u`.`user_id` AS `user_id`,`u`.`event_id` AS `event_id` from (`events` `e` left join `user_event` `u` on((`e`.`id` = `u`.`event_id`))) */;
/*!50001 SET character_set_client      = @saved_cs_client */;
/*!50001 SET character_set_results     = @saved_cs_results */;
/*!50001 SET collation_connection      = @saved_col_connection */;

--
-- Final view structure for view `v2`
--

/*!50001 DROP VIEW IF EXISTS `v2`*/;
/*!50001 SET @saved_cs_client          = @@character_set_client */;
/*!50001 SET @saved_cs_results         = @@character_set_results */;
/*!50001 SET @saved_col_connection     = @@collation_connection */;
/*!50001 SET character_set_client      = utf8mb4 */;
/*!50001 SET character_set_results     = utf8mb4 */;
/*!50001 SET collation_connection      = utf8mb4_0900_ai_ci */;
/*!50001 CREATE ALGORITHM=UNDEFINED */
/*!50013 DEFINER=`root`@`localhost` SQL SECURITY DEFINER */
/*!50001 VIEW `v2` AS select `v1`.`event_id` AS `eid`,count(0) AS `attendees` from `v1` group by `v1`.`event_id` */;
/*!50001 SET character_set_client      = @saved_cs_client */;
/*!50001 SET character_set_results     = @saved_cs_results */;
/*!50001 SET collation_connection      = @saved_col_connection */;
/*!40103 SET TIME_ZONE=@OLD_TIME_ZONE */;

/*!40101 SET SQL_MODE=@OLD_SQL_MODE */;
/*!40014 SET FOREIGN_KEY_CHECKS=@OLD_FOREIGN_KEY_CHECKS */;
/*!40014 SET UNIQUE_CHECKS=@OLD_UNIQUE_CHECKS */;
/*!40101 SET CHARACTER_SET_CLIENT=@OLD_CHARACTER_SET_CLIENT */;
/*!40101 SET CHARACTER_SET_RESULTS=@OLD_CHARACTER_SET_RESULTS */;
/*!40101 SET COLLATION_CONNECTION=@OLD_COLLATION_CONNECTION */;
/*!40111 SET SQL_NOTES=@OLD_SQL_NOTES */;

-- Dump completed on 2021-01-17 22:11:19
